"","Package","LibPath","Version","Priority","Depends","Imports","LinkingTo","Suggests","Enhances","License","License_is_FOSS","License_restricts_use","OS_type","MD5sum","NeedsCompilation","Built"
"1","abind","/Library/Frameworks/R.framework/Versions/3.3/Resources/library","1.4-5",NA,"R (>= 1.5.0)","methods, utils",NA,NA,NA,"LGPL (>= 2)",NA,NA,NA,NA,"no","3.3.0"
"2","acepack","/Library/Frameworks/R.framework/Versions/3.3/Resources/library","1.4.1",NA,NA,NA,NA,"testthat",NA,"MIT + file LICENSE",NA,NA,NA,NA,"yes","3.3.0"
"3","AlgDesign","/Library/Frameworks/R.framework/Versions/3.3/Resources/library","1.1-7.3",NA,NA,NA,NA,NA,NA,"GPL (>= 2)",NA,NA,NA,NA,"yes","3.3.0"
"4","arm","/Library/Frameworks/R.framework/Versions/3.3/Resources/library","1.9-3",NA,"R (>= 3.1.0), MASS, Matrix (>= 1.0), stats, lme4 (>= 1.0)","abind, coda, graphics, grDevices, methods, nlme, utils",NA,NA,NA,"GPL (>= 3)",NA,NA,NA,NA,"no","3.3.2"
"5","assertthat","/Library/Frameworks/R.framework/Versions/3.3/Resources/library","0.2.0",NA,NA,"tools",NA,"testthat",NA,"GPL-3",NA,NA,NA,NA,"no","3.3.2"
"6","backports","/Library/Frameworks/R.framework/Versions/3.3/Resources/library","1.1.2",NA,"R (>= 3.0.0)","utils",NA,NA,NA,"GPL-2",NA,NA,NA,NA,"yes","3.3.2"
"7","base","/Library/Frameworks/R.framework/Versions/3.3/Resources/library","3.3.1","base",NA,NA,NA,"methods",NA,"Part of R 3.3.1",NA,NA,NA,NA,NA,"3.3.1"
"8","base64enc","/Library/Frameworks/R.framework/Versions/3.3/Resources/library","0.1-3",NA,"R (>= 2.9.0)",NA,NA,NA,"png","GPL-2 | GPL-3",NA,NA,NA,NA,"yes","3.3.0"
"9","BH","/Library/Frameworks/R.framework/Versions/3.3/Resources/library","1.60.0-2",NA,NA,NA,NA,NA,NA,"BSL-1.0",NA,NA,NA,NA,"no","3.3.0"
"10","bindr","/Library/Frameworks/R.framework/Versions/3.3/Resources/library","0.1",NA,NA,NA,NA,"testthat",NA,"MIT + file LICENSE",NA,NA,NA,NA,"no","3.3.2"
"11","bindrcpp","/Library/Frameworks/R.framework/Versions/3.3/Resources/library","0.2",NA,NA,"Rcpp, bindr","Rcpp, plogr","testthat",NA,"MIT + file LICENSE",NA,NA,NA,NA,"yes","3.3.2"
"12","bit","/Library/Frameworks/R.framework/Versions/3.3/Resources/library","1.1-12",NA,"R (>= 2.9.2)",NA,NA,NA,NA,"GPL-2",NA,NA,NA,NA,"yes","3.3.0"
"13","bit64","/Library/Frameworks/R.framework/Versions/3.3/Resources/library","0.9-5",NA,"R (>= 3.0.1), bit (>= 1.1-12), utils, methods, stats",NA,NA,NA,NA,"GPL-2",NA,NA,NA,NA,"yes","3.3.0"
"14","bitops","/Library/Frameworks/R.framework/Versions/3.3/Resources/library","1.0-6",NA,NA,NA,NA,NA,NA,"GPL (>= 2)",NA,NA,NA,NA,"yes","3.3.0"
"15","boot","/Library/Frameworks/R.framework/Versions/3.3/Resources/library","1.3-18","recommended","R (>= 3.0.0), graphics, stats",NA,NA,"MASS, survival",NA,"Unlimited",NA,NA,NA,NA,"no","3.3.1"
"16","broom","/Library/Frameworks/R.framework/Versions/3.3/Resources/library","0.4.3",NA,NA,"plyr, dplyr, tidyr, psych, stringr, reshape2, nlme, methods",NA,"knitr, boot, survival, gam, glmnet, lfe, Lahman, MASS, sp,
maps, maptools, multcomp, testthat, lme4, zoo, lmtest, plm,
biglm, ggplot2, nnet, geepack, AUC, ergm, network,
statnet.common, xergm, btergm, binGroup, Hmisc, bbmle, gamlss,
rstan, rstanarm, brms, coda, gmm, Matrix, ks, purrr, orcutt,
mgcv, lmodel2, poLCA, mclust, covr, lsmeans, emmeans, betareg,
robust, akima, AER, muhaz, speedglm, tibble",NA,"MIT + file LICENSE",NA,NA,NA,NA,"no","3.3.2"
"17","callr","/Library/Frameworks/R.framework/Versions/3.3/Resources/library","2.0.1",NA,NA,"assertthat, crayon, debugme, R6, utils","testthat","covr, testthat, withr",NA,"MIT + file LICENSE",NA,NA,NA,NA,"yes","3.3.1"
"18","car","/Library/Frameworks/R.framework/Versions/3.3/Resources/library","2.1-4",NA,"R (>= 3.2.0)","MASS, mgcv, nnet, pbkrtest (>= 0.4-4), quantreg, grDevices,
utils, stats, graphics",NA,"alr4, boot, coxme, leaps, lme4, lmtest, Matrix, MatrixModels,
nlme, rgl (>= 0.93.960), sandwich, SparseM, survival, survey,
nloptr",NA,"GPL (>= 2)",NA,NA,NA,NA,"no","3.3.2"
"19","caTools","/Library/Frameworks/R.framework/Versions/3.3/Resources/library","1.17.1",NA,"R (>= 2.2.0)","bitops",NA,"MASS, rpart",NA,"GPL-3",NA,NA,NA,NA,"yes","3.3.0"
"20","cellranger","/Library/Frameworks/R.framework/Versions/3.3/Resources/library","1.1.0",NA,"R (>= 3.0.0)","rematch, tibble",NA,"covr, testthat (>= 1.0.0), knitr, rmarkdown",NA,"MIT + file LICENSE",NA,NA,NA,NA,"no","3.3.0"
"21","checkmate","/Library/Frameworks/R.framework/Versions/3.3/Resources/library","1.8.2",NA,"R (>= 3.0.0)","backports, utils",NA,"data.table, devtools, ggplot2, knitr, rmarkdown, magrittr,
microbenchmark, testthat (>= 0.11.0), tibble",NA,"BSD_3_clause + file LICENSE",NA,NA,NA,NA,"yes","3.3.0"
"22","class","/Library/Frameworks/R.framework/Versions/3.3/Resources/library","7.3-14","recommended","R (>= 3.0.0), stats, utils","MASS",NA,NA,NA,"GPL-2 | GPL-3",NA,NA,NA,NA,"yes","3.3.1"
"23","cli","/Library/Frameworks/R.framework/Versions/3.3/Resources/library","1.0.0",NA,"R (>= 2.10)","assertthat, crayon, methods",NA,"covr, mockery, testthat, withr",NA,"MIT + file LICENSE",NA,NA,NA,NA,"no","3.3.2"
"24","clipr","/Library/Frameworks/R.framework/Versions/3.3/Resources/library","0.4.0",NA,NA,"utils",NA,"rstudioapi (>= 0.5), testthat",NA,"GPL-3",NA,NA,NA,NA,"no","3.3.2"
"25","clisymbols","/Library/Frameworks/R.framework/Versions/3.3/Resources/library","1.2.0",NA,NA,NA,NA,"testthat",NA,"MIT + file LICENSE",NA,NA,NA,NA,"no","3.3.2"
"26","cluster","/Library/Frameworks/R.framework/Versions/3.3/Resources/library","2.0.4","recommended","R (>= 3.0.1)","graphics, grDevices, stats, utils",NA,"MASS",NA,"GPL (>= 2)",NA,NA,NA,NA,"yes","3.3.1"
"27","coda","/Library/Frameworks/R.framework/Versions/3.3/Resources/library","0.19-1",NA,"R (>= 2.14.0)","lattice",NA,NA,NA,"GPL (>= 2)",NA,NA,NA,NA,"no","3.3.2"
"28","codetools","/Library/Frameworks/R.framework/Versions/3.3/Resources/library","0.2-14","recommended","R (>= 2.1)",NA,NA,NA,NA,"GPL",NA,NA,NA,NA,"no","3.3.1"
"29","colorspace","/Library/Frameworks/R.framework/Versions/3.3/Resources/library","1.2-6",NA,"R (>= 2.13.0), methods","graphics",NA,"KernSmooth, MASS, kernlab, mvtnorm, vcd, dichromat, tcltk",NA,"BSD_3_clause + file LICENSE",NA,NA,NA,NA,"yes","3.3.0"
"30","compiler","/Library/Frameworks/R.framework/Versions/3.3/Resources/library","3.3.1","base",NA,NA,NA,NA,NA,"Part of R 3.3.1",NA,NA,NA,NA,NA,"3.3.1"
"31","corpcor","/Library/Frameworks/R.framework/Versions/3.3/Resources/library","1.6.8",NA,"R (>= 3.0.2)","stats",NA,"",NA,"GPL (>= 3)",NA,NA,NA,NA,"no","3.3.0"
"32","corrplot","/Library/Frameworks/R.framework/Versions/3.3/Resources/library","0.77",NA,NA,NA,NA,"seriation, knitr, Cairo, testthat",NA,"GPL",NA,NA,NA,NA,"no","3.3.0"
"33","crayon","/Library/Frameworks/R.framework/Versions/3.3/Resources/library","1.3.4",NA,NA,"grDevices, methods, utils",NA,"mockery, rstudioapi, testthat, withr",NA,"MIT + file LICENSE",NA,NA,NA,NA,"no","3.3.2"
"34","curl","/Library/Frameworks/R.framework/Versions/3.3/Resources/library","3.1",NA,"R (>= 3.0.0)",NA,NA,"testthat (>= 1.0.0), knitr, jsonlite, rmarkdown, magrittr,
httpuv, webutils",NA,"MIT + file LICENSE",NA,NA,NA,NA,"yes","3.3.2"
"35","d3Network","/Library/Frameworks/R.framework/Versions/3.3/Resources/library","0.5.2.1",NA,"R (>= 3.0.0)","plyr, rjson, whisker",NA,"RCurl",NA,"GPL (>= 3)",NA,NA,NA,NA,"no","3.3.0"
"36","data.table","/Library/Frameworks/R.framework/Versions/3.3/Resources/library","1.10.0",NA,"R (>= 3.0.0)","methods",NA,"bit64, knitr, chron, ggplot2 (>= 0.9.0), plyr, reshape,
reshape2, testthat (>= 0.4), hexbin, fastmatch, nlme, xts,
gdata, GenomicRanges, caret, curl, zoo, plm, rmarkdown,
parallel",NA,"GPL-3 | file LICENSE",NA,NA,NA,NA,"yes","3.3.2"
"37","data.tree","/Library/Frameworks/R.framework/Versions/3.3/Resources/library","0.4.0",NA,"R (>= 3.0)","R6, stringr, methods, DiagrammeR",NA,"Formula, graphics, testthat, knitr, ape, yaml, networkD3,
jsonlite, igraph, treemap, doParallel, party, partykit, foreach","","GPL (>= 2)",NA,NA,NA,NA,"no","3.3.0"
"38","datasets","/Library/Frameworks/R.framework/Versions/3.3/Resources/library","3.3.1","base",NA,NA,NA,NA,NA,"Part of R 3.3.1",NA,NA,NA,NA,NA,"3.3.1"
"39","DBI","/Library/Frameworks/R.framework/Versions/3.3/Resources/library","0.7",NA,"R (>= 3.0.0), methods",NA,NA,"blob, covr, hms, knitr, magrittr, rprojroot, rmarkdown,
RSQLite (>= 1.1-2), testthat, xml2",NA,"LGPL (>= 2)",NA,NA,NA,NA,"no","3.3.2"
"40","dbplyr","/Library/Frameworks/R.framework/Versions/3.3/Resources/library","1.2.0",NA,"R (>= 3.2)","assertthat (>= 0.2.0), DBI (>= 0.7), dplyr (>= 0.7.4), glue
(>= 1.2.0), methods, purrr (>= 0.2.4), R6 (>= 2.2.2), rlang (>=
0.1.6), tibble (>= 1.4.1), tidyselect (>= 0.2.2), utils",NA,"bit64, covr, knitr, Lahman (>= 5.0.0), nycflights13 (>=
0.2.2), rmarkdown, RMariaDB (>= 1.0.2), RMySQL (>= 0.10.11),
RPostgreSQL (>= 0.4.1), RSQLite (>= 2.0), testthat (>= 2.0.0)",NA,"MIT + file LICENSE",NA,NA,NA,NA,"no","3.3.1"
"41","debugme","/Library/Frameworks/R.framework/Versions/3.3/Resources/library","1.1.0",NA,NA,"crayon, grDevices",NA,"covr, mockery, R6, testthat, withr",NA,"MIT + file LICENSE",NA,NA,NA,NA,"no","3.3.2"
"42","DEoptimR","/Library/Frameworks/R.framework/Versions/3.3/Resources/library","1.0-6",NA,NA,"stats",NA,NA,"robustbase","GPL (>= 2)",NA,NA,NA,NA,"no","3.3.0"
"43","desc","/Library/Frameworks/R.framework/Versions/3.3/Resources/library","1.1.1",NA,"R (>= 3.1.0)","assertthat, utils, R6, crayon, rprojroot",NA,"covr, testthat, whoami, withr",NA,"MIT + file LICENSE",NA,NA,NA,NA,"no","3.3.2"
"44","DiagrammeR","/Library/Frameworks/R.framework/Versions/3.3/Resources/library","0.8.4",NA,NA,"htmlwidgets (>= 0.6), igraph (>= 1.0.0), influenceR (>=
0.1.0), rstudioapi (>= 0.6), stringr (>= 1.0.0), visNetwork (>=
1.0.0), scales (>= 0.4.0)",NA,"DiagrammeRsvg, knitr, magrittr, rsvg, testthat",NA,"MIT + file LICENSE",NA,NA,NA,NA,"no","3.3.0"
"45","dichromat","/Library/Frameworks/R.framework/Versions/3.3/Resources/library","2.0-0",NA,"R (>= 2.10), stats",NA,NA,NA,NA,"GPL-2",NA,NA,NA,NA,NA,"3.3.0"
"46","digest","/Library/Frameworks/R.framework/Versions/3.3/Resources/library","0.6.10",NA,"R (>= 2.4.1)",NA,NA,"knitr, rmarkdown",NA,"GPL-2",NA,NA,NA,NA,"yes","3.3.0"
"47","doParallel","/Library/Frameworks/R.framework/Versions/3.3/Resources/library","1.0.10",NA,"R (>= 2.14.0), foreach(>= 1.2.0), iterators(>= 1.0.0),
parallel, utils",NA,NA,"caret, mlbench, rpart","compiler, RUnit","GPL-2",NA,NA,NA,NA,"no","3.3.0"
"48","dplyr","/Library/Frameworks/R.framework/Versions/3.3/Resources/library","0.7.4",NA,"R (>= 3.1.2)","assertthat, bindrcpp (>= 0.2), glue (>= 1.1.1), magrittr,
methods, pkgconfig, rlang (>= 0.1.2), R6, Rcpp (>= 0.12.7),
tibble (>= 1.3.1), utils","Rcpp (>= 0.12.0), BH (>= 1.58.0-1), bindrcpp, plogr","bit64, covr, dbplyr, dtplyr, DBI, ggplot2, hms, knitr, Lahman
(>= 3.0-1), mgcv, microbenchmark, nycflights13, rmarkdown,
RMySQL, RPostgreSQL, RSQLite, testthat, withr",NA,"MIT + file LICENSE",NA,NA,NA,NA,"yes","3.3.2"
"49","DT","/Library/Frameworks/R.framework/Versions/3.3/Resources/library","0.2",NA,NA,"htmltools (>= 0.3.5), htmlwidgets (>= 0.6), magrittr",NA,"jsonlite (>= 0.9.16), knitr (>= 1.8), rmarkdown, shiny (>=
0.12.1)",NA,"GPL-3 | file LICENSE",NA,NA,NA,NA,"no","3.3.0"
"50","ellipse","/Library/Frameworks/R.framework/Versions/3.3/Resources/library","0.3-8",NA,"R (>= 2.0.0),graphics,stats",NA,NA,"MASS",NA,"GPL (>= 2)",NA,NA,NA,NA,"no","3.3.0"
"51","enc","/Library/Frameworks/R.framework/Versions/3.3/Resources/library","0.1",NA,"R (>= 3.1)","methods",NA,"digest, readr, rlang, testthat",NA,"GPL-3",NA,NA,NA,NA,"yes","3.3.2"
"52","evaluate","/Library/Frameworks/R.framework/Versions/3.3/Resources/library","0.9",NA,"R (>= 3.0.2)","methods, stringr (>= 0.6.2)",NA,"testthat, lattice, ggplot2",NA,"MIT + file LICENSE",NA,NA,NA,NA,"no","3.3.0"
"53","fdrtool","/Library/Frameworks/R.framework/Versions/3.3/Resources/library","1.2.15",NA,"R (>= 3.0.2)","graphics, grDevices, stats",NA,"",NA,"GPL (>= 3)",NA,NA,NA,NA,"yes","3.3.0"
"54","feather","/Library/Frameworks/R.framework/Versions/3.3/Resources/library","0.3.0",NA,NA,"Rcpp, tibble, hms","Rcpp","testthat, dplyr",NA,"Apache License 2.0",NA,NA,NA,NA,"yes","3.3.0"
"55","forcats","/Library/Frameworks/R.framework/Versions/3.3/Resources/library","0.2.0",NA,"R (>= 2.10)","tibble, magrittr",NA,"ggplot2, testthat, covr",NA,"GPL-3",NA,NA,NA,NA,"no","3.3.2"
"56","foreach","/Library/Frameworks/R.framework/Versions/3.3/Resources/library","1.4.3",NA,"R (>= 2.5.0)","codetools, utils, iterators",NA,"randomForest","compiler, doMC, RUnit, doParallel","Apache License (== 2.0)",NA,NA,NA,NA,"no","3.3.0"
"57","foreign","/Library/Frameworks/R.framework/Versions/3.3/Resources/library","0.8-66","recommended","R (>= 3.0.0)","methods, utils, stats",NA,NA,NA,"GPL (>= 2)",NA,NA,NA,NA,"yes","3.3.1"
"58","formatR","/Library/Frameworks/R.framework/Versions/3.3/Resources/library","1.4",NA,"R (>= 3.0.2)",NA,NA,"codetools, shiny, testit, knitr",NA,"GPL",NA,NA,NA,NA,"no","3.3.0"
"59","Formula","/Library/Frameworks/R.framework/Versions/3.3/Resources/library","1.2-1",NA,"R (>= 2.0.0), stats",NA,NA,NA,NA,"GPL-2 | GPL-3",NA,NA,NA,NA,"no","3.3.0"
"60","fs","/Library/Frameworks/R.framework/Versions/3.3/Resources/library","1.1.0",NA,"R (>= 3.1)","Rcpp","Rcpp","testthat, covr, pillar (>= 1.0.0), crayon, withr",NA,"GPL-3",NA,NA,NA,NA,"yes","3.3.1"
"61","ggm","/Library/Frameworks/R.framework/Versions/3.3/Resources/library","2.3",NA,"igraph",NA,NA,NA,NA,"GPL (>= 2)",NA,NA,NA,NA,"no","3.3.0"
"62","ggplot2","/Library/Frameworks/R.framework/Versions/3.3/Resources/library","2.2.1",NA,"R (>= 3.1)","digest, grid, gtable (>= 0.1.1), MASS, plyr (>= 1.7.1),
reshape2, scales (>= 0.4.1), stats, tibble, lazyeval",NA,"covr, ggplot2movies, hexbin, Hmisc, lattice, mapproj, maps,
maptools, mgcv, multcomp, nlme, testthat (>= 0.11.0), quantreg,
knitr, rpart, rmarkdown, svglite","sp","GPL-2 | file LICENSE",NA,NA,NA,NA,"no","3.3.2"
"63","gh","/Library/Frameworks/R.framework/Versions/3.3/Resources/library","1.0.1",NA,NA,"ini, jsonlite, httr",NA,"covr, pingr, testthat",NA,"MIT + file LICENSE",NA,NA,NA,NA,"no","3.3.2"
"64","git2r","/Library/Frameworks/R.framework/Versions/3.3/Resources/library","0.21.0",NA,"R (>= 3.1), methods","graphics, utils",NA,"getPass",NA,"GPL-2",NA,NA,NA,NA,"yes","3.3.2"
"65","glasso","/Library/Frameworks/R.framework/Versions/3.3/Resources/library","1.8",NA,NA,NA,NA,NA,NA,"GPL-2",NA,NA,NA,NA,"yes","3.3.0"
"66","glue","/Library/Frameworks/R.framework/Versions/3.3/Resources/library","1.2.0",NA,"R (>= 3.1)","methods",NA,"testthat, covr, magrittr, crayon, knitr, rmarkdown, DBI,
RSQLite, R.utils, forcats, microbenchmark, rprintf, stringr,
ggplot2",NA,"MIT + file LICENSE",NA,NA,NA,NA,"yes","3.3.2"
"67","Gmedian","/Library/Frameworks/R.framework/Versions/3.3/Resources/library","1.2.3",NA,"R (>= 3.0.0)","Rcpp (>= 0.12.6), RSpectra, robustbase","Rcpp, RcppArmadillo, RSpectra",NA,NA,"GPL (>= 2)",NA,NA,NA,NA,"yes","3.3.0"
"68","graphics","/Library/Frameworks/R.framework/Versions/3.3/Resources/library","3.3.1","base",NA,"grDevices",NA,NA,NA,"Part of R 3.3.1",NA,NA,NA,NA,NA,"3.3.1"
"69","grDevices","/Library/Frameworks/R.framework/Versions/3.3/Resources/library","3.3.1","base",NA,NA,NA,"KernSmooth",NA,"Part of R 3.3.1",NA,NA,NA,NA,NA,"3.3.1"
"70","grid","/Library/Frameworks/R.framework/Versions/3.3/Resources/library","3.3.1","base",NA,"grDevices, utils",NA,"lattice",NA,"Part of R 3.3.1",NA,NA,NA,NA,NA,"3.3.1"
"71","gridBase","/Library/Frameworks/R.framework/Versions/3.3/Resources/library","0.4-7",NA,"R (>= 2.3.0)","graphics, grid",NA,"lattice",NA,"GPL",NA,NA,NA,NA,"no","3.3.0"
"72","gridExtra","/Library/Frameworks/R.framework/Versions/3.3/Resources/library","2.2.1",NA,NA,"gtable, grid, grDevices, graphics, utils",NA,"ggplot2, lattice, knitr, testthat",NA,"GPL (>= 2)",NA,NA,NA,NA,"no","3.3.0"
"73","gtable","/Library/Frameworks/R.framework/Versions/3.3/Resources/library","0.2.0",NA,"R (>= 2.14)","grid",NA,"testthat, covr",NA,"GPL-2",NA,NA,NA,NA,"no","3.3.0"
"74","gtools","/Library/Frameworks/R.framework/Versions/3.3/Resources/library","3.5.0",NA,"R (>= 2.10)",NA,NA,NA,NA,"GPL-2",NA,NA,NA,NA,"yes","3.3.0"
"75","gutenbergr","/Library/Frameworks/R.framework/Versions/3.3/Resources/library","0.1.3",NA,"R (>= 2.10)","dplyr, readr, purrr, urltools, stringr, lazyeval",NA,"knitr, rmarkdown, testthat, tidytext, ggplot2, tidyr",NA,"GPL-2",NA,NA,NA,NA,"no","3.3.2"
"76","haven","/Library/Frameworks/R.framework/Versions/3.3/Resources/library","1.1.1",NA,"R (>= 3.1)","forcats (>= 0.2.0), hms, Rcpp (>= 0.11.4), readr (>= 0.1.0),
tibble","Rcpp","covr, knitr, rmarkdown, testthat",NA,"MIT + file LICENSE",NA,NA,NA,NA,"yes","3.3.1"
"77","here","/Library/Frameworks/R.framework/Versions/3.3/Resources/library","0.1",NA,NA,"rprojroot (>= 1.2)",NA,NA,NA,"GPL-3",NA,NA,NA,NA,"no","3.3.2"
"78","highr","/Library/Frameworks/R.framework/Versions/3.3/Resources/library","0.6",NA,"R (>= 3.0.2)",NA,NA,"knitr, testit",NA,"GPL",NA,NA,NA,NA,"no","3.3.0"
"79","Hmisc","/Library/Frameworks/R.framework/Versions/3.3/Resources/library","4.0-2",NA,"lattice, survival (>= 2.40-1), Formula, ggplot2 (>= 2.2)","methods, latticeExtra, cluster, rpart, nnet, acepack, foreign,
gtable, grid, gridExtra, data.table, htmlTable, viridis,
htmltools, base64enc",NA,"chron, rms, mice, tables, knitr, ff, ffbase, plotly (>=
4.5.6)",NA,"GPL (>= 2)",NA,NA,NA,NA,"yes","3.3.2"
"80","hms","/Library/Frameworks/R.framework/Versions/3.3/Resources/library","0.4.1",NA,NA,"methods, pkgconfig, rlang",NA,"crayon, lubridate, pillar (>= 1.1.0), testthat",NA,"GPL-3",NA,NA,NA,NA,"no","3.3.1"
"81","htmlTable","/Library/Frameworks/R.framework/Versions/3.3/Resources/library","1.8",NA,NA,"stringr, knitr (>= 1.6), magrittr (>= 1.5), methods, checkmate",NA,"testthat, XML, xtable, ztable, Hmisc, reshape, rmarkdown,
pander, chron, lubridate",NA,"GPL (>= 3)",NA,NA,NA,NA,"no","3.3.2"
"82","htmltools","/Library/Frameworks/R.framework/Versions/3.3/Resources/library","0.3.5",NA,"R (>= 2.14.1)","utils, digest, Rcpp","Rcpp","markdown, testthat","knitr","GPL (>= 2)",NA,NA,NA,NA,"yes","3.3.0"
"83","htmlwidgets","/Library/Frameworks/R.framework/Versions/3.3/Resources/library","0.7",NA,NA,"htmltools (>= 0.3), jsonlite (>= 0.9.16), yaml",NA,"knitr (>= 1.8)","shiny (>= 0.12)","MIT + file LICENSE",NA,NA,NA,NA,"no","3.3.0"
"84","httpuv","/Library/Frameworks/R.framework/Versions/3.3/Resources/library","1.3.3",NA,"R (>= 2.15.1), methods","Rcpp (>= 0.11.0), utils","Rcpp",NA,NA,"GPL-3 | file LICENSE",NA,NA,NA,NA,"yes","3.3.0"
"85","httr","/Library/Frameworks/R.framework/Versions/3.3/Resources/library","1.3.1",NA,"R (>= 3.0.0)","jsonlite, mime, curl (>= 0.9.1), openssl (>= 0.8), R6",NA,"httpuv, jpeg, knitr, png, testthat (>= 0.8.0), readr, xml2,
rmarkdown, covr",NA,"MIT + file LICENSE",NA,NA,NA,NA,"no","3.3.2"
"86","huge","/Library/Frameworks/R.framework/Versions/3.3/Resources/library","1.2.7",NA,"R (>= 3.0.0), Matrix, lattice, igraph, MASS","grDevices, graphics, methods, stats, utils",NA,NA,NA,"GPL-2",NA,NA,NA,NA,"yes","3.3.0"
"87","hunspell","/Library/Frameworks/R.framework/Versions/3.3/Resources/library","2.6",NA,NA,"Rcpp, digest","Rcpp","testthat, devtools, pdftools, janeaustenr, wordcloud2, knitr,
rmarkdown",NA,"GPL-2 | LGPL-2.1 | MPL-1.1",NA,NA,NA,NA,"yes","3.3.2"
"88","igraph","/Library/Frameworks/R.framework/Versions/3.3/Resources/library","1.0.1",NA,"methods","Matrix, magrittr, NMF, irlba",NA,"igraphdata, stats4, rgl, tcltk, graph, ape, scales",NA,"GPL (>= 2)",NA,NA,NA,NA,"yes","3.3.0"
"89","import","/Library/Frameworks/R.framework/Versions/3.3/Resources/library","1.1.0",NA,NA,NA,NA,"knitr",NA,"MIT + file LICENSE",NA,NA,NA,NA,"no","3.3.0"
"90","influenceR","/Library/Frameworks/R.framework/Versions/3.3/Resources/library","0.1.0",NA,"R (>= 3.2.0)","igraph (>= 1.0.1), Matrix (>= 1.1-4), methods, utils",NA,"testthat",NA,"GPL-2",NA,NA,NA,NA,"yes","3.3.0"
"91","ini","/Library/Frameworks/R.framework/Versions/3.3/Resources/library","0.3.0",NA,NA,NA,NA,"testthat",NA,"GPL-3",NA,NA,NA,NA,"no","3.3.2"
"92","irlba","/Library/Frameworks/R.framework/Versions/3.3/Resources/library","2.0.0",NA,"Matrix","stats",NA,NA,NA,"GPL",NA,NA,NA,NA,"no","3.3.0"
"93","iterators","/Library/Frameworks/R.framework/Versions/3.3/Resources/library","1.0.8",NA,"R (>= 2.5.0), utils",NA,NA,"RUnit",NA,"Apache License (== 2.0)",NA,NA,NA,NA,"no","3.3.0"
"94","janeaustenr","/Library/Frameworks/R.framework/Versions/3.3/Resources/library","0.1.5",NA,"R (>= 3.1.2)",NA,NA,"dplyr, testthat",NA,"MIT + file LICENSE",NA,NA,NA,NA,"no","3.3.2"
"95","jpeg","/Library/Frameworks/R.framework/Versions/3.3/Resources/library","0.1-8",NA,"R (>= 2.9.0)",NA,NA,NA,NA,"GPL-2 | GPL-3",NA,NA,NA,NA,"yes","3.3.0"
"96","jsonlite","/Library/Frameworks/R.framework/Versions/3.3/Resources/library","1.5",NA,"methods",NA,NA,"httr, curl, plyr, testthat, knitr, rmarkdown, R.rsp, sp",NA,"MIT + file LICENSE",NA,NA,NA,NA,"yes","3.3.2"
"97","KernSmooth","/Library/Frameworks/R.framework/Versions/3.3/Resources/library","2.23-15","recommended","R (>= 2.5.0), stats",NA,NA,"MASS",NA,"Unlimited",NA,NA,NA,NA,"yes","3.3.1"
"98","knitr","/Library/Frameworks/R.framework/Versions/3.3/Resources/library","1.14",NA,"R (> 3.0.2)","evaluate (>= 0.8), digest, formatR, highr, markdown, stringr
(>= 0.6), yaml (>= 2.1.5), methods, tools",NA,"testit, rgl (>= 0.95.1201), codetools, rmarkdown,
htmlwidgets, webshot, tikzDevice (>= 0.10), png, jpeg, XML,
RCurl, DBI (>= 0.4-1), tibble",NA,"GPL",NA,NA,NA,NA,"no","3.3.0"
"99","labeling","/Library/Frameworks/R.framework/Versions/3.3/Resources/library","0.3",NA,NA,NA,NA,NA,NA,"MIT + file LICENSE | Unlimited",NA,NA,NA,NA,"no","3.3.0"
"100","lattice","/Library/Frameworks/R.framework/Versions/3.3/Resources/library","0.20-33","recommended","R (>= 3.0.0)","grid, grDevices, graphics, stats, utils",NA,"KernSmooth, MASS","chron","GPL (>= 2)",NA,NA,NA,NA,"yes","3.3.1"
"101","latticeExtra","/Library/Frameworks/R.framework/Versions/3.3/Resources/library","0.6-28",NA,"R (>= 2.10.0), lattice, RColorBrewer","grid, stats, utils, grDevices",NA,"maps, mapproj, deldir, tripack, zoo, MASS, quantreg, mgcv",NA,"GPL (>= 2)",NA,NA,NA,NA,"no","3.3.0"
"102","lavaan","/Library/Frameworks/R.framework/Versions/3.3/Resources/library","0.5-22",NA,"R(>= 3.1.0)","methods, stats4, stats, utils, graphics, MASS, mnormt,
pbivnorm, quadprog",NA,NA,NA,"GPL (>= 2)",NA,NA,NA,NA,"no","3.3.0"
"103","lazyeval","/Library/Frameworks/R.framework/Versions/3.3/Resources/library","0.2.0",NA,"R (>= 3.1.0)",NA,NA,"knitr, rmarkdown (>= 0.2.65), testthat, covr",NA,"GPL-3",NA,NA,NA,NA,"yes","3.3.0"
"104","lisrelToR","/Library/Frameworks/R.framework/Versions/3.3/Resources/library","0.1.4",NA,"R (>= 2.15.0)",NA,NA,NA,NA,"GPL-2",NA,NA,NA,NA,"no","3.3.0"
"105","lme4","/Library/Frameworks/R.framework/Versions/3.3/Resources/library","1.1-12",NA,"R (>= 3.0.2), Matrix (>= 1.1.1), methods, stats","graphics, grid, splines, utils, parallel, MASS, lattice, nlme
(>= 3.1-123), minqa (>= 1.1.15), nloptr (>= 1.0.4)","Rcpp (>= 0.10.5), RcppEigen","knitr, boot, PKPDmodels, MEMSS, testthat (>= 0.8.1), ggplot2,
mlmRev, optimx (>= 2013.8.6), gamm4, pbkrtest, HSAUR2, numDeriv",NA,"GPL (>= 2)",NA,NA,NA,NA,"yes","3.3.0"
"106","lubridate","/Library/Frameworks/R.framework/Versions/3.3/Resources/library","1.7.1",NA,"methods, R (>= 3.0.0)","stringr, Rcpp (>= 0.11),","Rcpp,","testthat, knitr, covr","chron, fts, timeSeries, timeDate, tis, tseries, xts, zoo","GPL-2",NA,NA,NA,NA,"yes","3.3.2"
"107","magrittr","/Library/Frameworks/R.framework/Versions/3.3/Resources/library","1.5",NA,NA,NA,NA,"testthat, knitr",NA,"MIT + file LICENSE",NA,NA,NA,NA,"no","3.3.0"
"108","markdown","/Library/Frameworks/R.framework/Versions/3.3/Resources/library","0.7.7",NA,"R (>= 2.11.1)","mime (>= 0.3)",NA,"knitr, RCurl",NA,"GPL-2",NA,NA,NA,NA,"yes","3.3.0"
"109","MASS","/Library/Frameworks/R.framework/Versions/3.3/Resources/library","7.3-45","recommended","R (>= 3.1.0), grDevices, graphics, stats, utils","methods",NA,"lattice, nlme, nnet, survival",NA,"GPL-2 | GPL-3",NA,NA,NA,NA,"yes","3.3.1"
"110","Matrix","/Library/Frameworks/R.framework/Versions/3.3/Resources/library","1.2-6","recommended","R (>= 3.0.1)","methods, graphics, grid, stats, utils, lattice",NA,"expm, MASS","MatrixModels, graph, SparseM, sfsmisc","GPL (>= 2) | file LICENCE",NA,NA,NA,NA,"yes","3.3.1"
"111","matrixcalc","/Library/Frameworks/R.framework/Versions/3.3/Resources/library","1.0-3",NA,"R (>= 2.0.1)",NA,NA,NA,NA,"GPL (>= 2)",NA,NA,NA,NA,NA,"3.3.0"
"112","MatrixModels","/Library/Frameworks/R.framework/Versions/3.3/Resources/library","0.4-1",NA,"R (>= 3.0.1)","stats, methods, Matrix (>= 1.1-5)",NA,NA,NA,"GPL (>= 2)",NA,NA,NA,NA,"no","3.3.0"
"113","mclust","/Library/Frameworks/R.framework/Versions/3.3/Resources/library","5.2.3",NA,"R (>= 3.0)","stats, utils, graphics, grDevices",NA,"knitr (>= 1.12), rmarkdown (>= 0.9), mix (>= 1.0)",NA,"GPL (>= 2)",NA,NA,NA,NA,"yes","3.3.2"
"114","measurements","/Library/Frameworks/R.framework/Versions/3.3/Resources/library","1.1.0",NA,NA,NA,NA,NA,NA,"GPL-3",NA,NA,NA,NA,"no","3.3.0"
"115","methods","/Library/Frameworks/R.framework/Versions/3.3/Resources/library","3.3.1","base",NA,"utils, stats",NA,"codetools",NA,"Part of R 3.3.1",NA,NA,NA,NA,NA,"3.3.1"
"116","mgcv","/Library/Frameworks/R.framework/Versions/3.3/Resources/library","1.8-12","recommended","R (>= 2.14.0), nlme (>= 3.1-64)","methods, stats, graphics, Matrix",NA,"splines, parallel, survival, MASS",NA,"GPL (>= 2)",NA,NA,NA,NA,"yes","3.3.1"
"117","mi","/Library/Frameworks/R.framework/Versions/3.3/Resources/library","1.0",NA,"R (>= 3.0.0), methods, Matrix, stats4","arm (>= 1.4-11)",NA,"betareg, lattice, knitr, MASS, nnet, parallel, sn, survival,
truncnorm, foreign",NA,"GPL (>= 2)",NA,NA,NA,NA,"no","3.3.0"
"118","mime","/Library/Frameworks/R.framework/Versions/3.3/Resources/library","0.5",NA,NA,"tools",NA,NA,NA,"GPL",NA,NA,NA,NA,"yes","3.3.0"
"119","minqa","/Library/Frameworks/R.framework/Versions/3.3/Resources/library","1.2.4",NA,NA,"Rcpp (>= 0.9.10)","Rcpp",NA,NA,"GPL-2",NA,NA,NA,NA,"yes","3.3.0"
"120","mnormt","/Library/Frameworks/R.framework/Versions/3.3/Resources/library","1.5-4",NA,"R (>= 2.2.0)",NA,NA,NA,NA,"GPL-2 | GPL-3",NA,NA,NA,NA,"yes","3.3.0"
"121","modelr","/Library/Frameworks/R.framework/Versions/3.3/Resources/library","0.1.1",NA,"R (>= 3.1.0)","magrittr, purrr (>= 0.2.2), lazyeval (>= 0.2.0), tibble,
broom, dplyr, tidyr (>= 0.6.0)",NA,"testthat, ggplot2, covr, compiler",NA,"GPL-3",NA,NA,NA,NA,"no","3.3.2"
"122","modeltools","/Library/Frameworks/R.framework/Versions/3.3/Resources/library","0.2-21",NA,"stats, stats4","methods",NA,NA,NA,"GPL-2",NA,NA,NA,NA,"no","3.3.0"
"123","multcomp","/Library/Frameworks/R.framework/Versions/3.3/Resources/library","1.4-6",NA,"stats, graphics, mvtnorm (>= 1.0-3), survival (>= 2.39-4),
TH.data (>= 1.0-2)","sandwich (>= 2.3-0), codetools",NA,"lme4 (>= 0.999375-16), nlme, robustbase, coin, MASS, car,
foreign, xtable, lmtest, coxme (>= 2.2-1), SimComp, ISwR",NA,"GPL-2",NA,NA,NA,NA,"no","3.3.0"
"124","munsell","/Library/Frameworks/R.framework/Versions/3.3/Resources/library","0.4.3",NA,NA,"colorspace, methods",NA,"ggplot2, testthat",NA,"MIT + file LICENSE",NA,NA,NA,NA,"no","3.3.0"
"125","mvtnorm","/Library/Frameworks/R.framework/Versions/3.3/Resources/library","1.0-5",NA,"R(>= 1.9.0)","stats, methods",NA,NA,NA,"GPL-2",NA,NA,NA,NA,"yes","3.3.0"
"126","network","/Library/Frameworks/R.framework/Versions/3.3/Resources/library","1.13.0",NA,"R (>= 2.10), utils",NA,NA,"sna, statnet.common, testthat",NA,"GPL (>= 2)",NA,NA,NA,NA,"yes","3.3.0"
"127","NeuralNetTools","/Library/Frameworks/R.framework/Versions/3.3/Resources/library","1.4.0",NA,"
R (>= 3.1.1)","
ggplot2 (>= 2.0.0),
nnet,
reshape2,
scales,
tidyr",NA,"
caret,
neuralnet,
RSNNS",NA,"CC0",NA,NA,NA,NA,NA,"3.3.0"
"128","nlme","/Library/Frameworks/R.framework/Versions/3.3/Resources/library","3.1-128","recommended","R (>= 3.0.2)","graphics, stats, utils, lattice",NA,"Hmisc, MASS",NA,"GPL (>= 2) | file LICENCE",NA,NA,NA,NA,"yes","3.3.1"
"129","nloptr","/Library/Frameworks/R.framework/Versions/3.3/Resources/library","1.0.4",NA,NA,NA,NA,"testthat (>= 0.8.1)",NA,"LGPL-3",NA,NA,NA,NA,"yes","3.3.0"
"130","NLP","/Library/Frameworks/R.framework/Versions/3.3/Resources/library","0.1-10",NA,"R (>= 3.2.0)","utils",NA,NA,NA,"GPL-3",NA,NA,NA,NA,"no","3.3.2"
"131","NMF","/Library/Frameworks/R.framework/Versions/3.3/Resources/library","0.20.6",NA,"R (>= 3.0.0), methods, utils, pkgmaker (>= 0.20), registry,
rngtools (>= 1.2.3), cluster","graphics, stats, stringr (>= 1.0.0), digest, grid, grDevices,
gridBase, colorspace, RColorBrewer, foreach, doParallel,
ggplot2, reshape2",NA,"RcppOctave (>= 0.11), fastICA, doMPI, bigmemory (>= 4.2),
synchronicity, corpcor, xtable, devtools, knitr, bibtex, RUnit,
mail, Biobase",NA,"GPL (>= 2)",NA,NA,NA,NA,"yes","3.3.0"
"132","nnet","/Library/Frameworks/R.framework/Versions/3.3/Resources/library","7.3-12","recommended","R (>= 2.14.0), stats, utils",NA,NA,"MASS",NA,"GPL-2 | GPL-3",NA,NA,NA,NA,"yes","3.3.1"
"133","openssl","/Library/Frameworks/R.framework/Versions/3.3/Resources/library","0.9.6",NA,NA,NA,NA,"testthat, digest, knitr, rmarkdown, jsonlite, jose",NA,"MIT + file LICENSE",NA,NA,NA,NA,"yes","3.3.2"
"134","parallel","/Library/Frameworks/R.framework/Versions/3.3/Resources/library","3.3.1","base",NA,"tools",NA,"methods","snow, nws, Rmpi","Part of R 3.3.1",NA,NA,NA,NA,NA,"3.3.1"
"135","pbivnorm","/Library/Frameworks/R.framework/Versions/3.3/Resources/library","0.6.0",NA,NA,NA,NA,NA,NA,"GPL (>= 2)",NA,NA,NA,NA,"yes","3.3.0"
"136","pbkrtest","/Library/Frameworks/R.framework/Versions/3.3/Resources/library","0.4-6",NA,"R (>= 3.2.3), lme4 (>= 1.1.10)","Matrix (>= 1.2.3), parallel, MASS, methods",NA,"gplots",NA,"GPL (>= 2)",NA,NA,NA,NA,"no","3.3.0"
"137","pillar","/Library/Frameworks/R.framework/Versions/3.3/Resources/library","1.1.0",NA,NA,"cli, crayon (>= 1.3.4), methods, rlang, utf8 (>= 1.1.3)",NA,"knitr, testthat (>= 2.0.0)",NA,"GPL-3",NA,NA,NA,NA,"no","3.3.1"
"138","pkgconfig","/Library/Frameworks/R.framework/Versions/3.3/Resources/library","2.0.1",NA,NA,"utils",NA,"covr, testthat, disposables (>= 1.0.3)",NA,"MIT + file LICENSE",NA,NA,NA,NA,"no","3.3.2"
"139","pkgmaker","/Library/Frameworks/R.framework/Versions/3.3/Resources/library","0.22",NA,"R (>= 3.0.0), stats, registry","methods, tools, codetools, digest, stringr, xtable, grDevices",NA,"devtools (>= 0.8), bibtex, RUnit, testthat, knitr,
ReportingTools, hwriter, argparse",NA,"GPL (>= 2)",NA,NA,NA,NA,"no","3.3.0"
"140","plogr","/Library/Frameworks/R.framework/Versions/3.3/Resources/library","0.1-1",NA,NA,NA,NA,"Rcpp",NA,"MIT + file LICENSE",NA,NA,NA,NA,"no","3.3.0"
"141","plyr","/Library/Frameworks/R.framework/Versions/3.3/Resources/library","1.8.4",NA,"R (>= 3.1.0)","Rcpp (>= 0.11.0)","Rcpp","abind, testthat, tcltk, foreach, doParallel, itertools,
iterators, covr",NA,"MIT + file LICENSE",NA,NA,NA,NA,"yes","3.3.0"
"142","png","/Library/Frameworks/R.framework/Versions/3.3/Resources/library","0.1-7",NA,"R (>= 2.9.0)",NA,NA,NA,NA,"GPL-2 | GPL-3",NA,NA,NA,NA,"yes","3.3.0"
"143","polycor","/Library/Frameworks/R.framework/Versions/3.3/Resources/library","0.7-8",NA,"R (>= 1.9.0), mvtnorm, sfsmisc",NA,NA,NA,NA,"GPL (>= 2)",NA,NA,NA,NA,NA,"3.3.0"
"144","praise","/Library/Frameworks/R.framework/Versions/3.3/Resources/library","1.0.0",NA,NA,NA,NA,"testthat",NA,"MIT + file LICENSE",NA,NA,NA,NA,"no","3.3.0"
"145","pryr","/Library/Frameworks/R.framework/Versions/3.3/Resources/library","0.1.2",NA,"R (>= 3.1.0)","stringr, codetools, methods, Rcpp (>= 0.11.0)","Rcpp","testthat (>= 0.8.0)",NA,"GPL-2",NA,NA,NA,NA,"yes","3.3.0"
"146","psych","/Library/Frameworks/R.framework/Versions/3.3/Resources/library","1.6.6",NA,"R (>= 2.10)","mnormt,parallel,stats,graphics,grDevices,methods",NA,"GPArotation, sem, lavaan, Rcsdp, graph, Rgraphviz",NA,"GPL (>= 2)",NA,NA,NA,NA,"no","3.3.0"
"147","purrr","/Library/Frameworks/R.framework/Versions/3.3/Resources/library","0.2.4",NA,"R (>= 3.1)","magrittr (>= 1.5), rlang (>= 0.1), tibble",NA,"covr, dplyr (>= 0.4.3), knitr, rmarkdown, testthat",NA,"GPL-3 | file LICENSE",NA,NA,NA,NA,"yes","3.3.2"
"148","qgraph","/Library/Frameworks/R.framework/Versions/3.3/Resources/library","1.4.1",NA,"R (>= 3.0.0)","methods, grDevices, psych, ellipse, lavaan, sem, plyr, Hmisc,
igraph, jpeg, png, colorspace, Matrix, sna, corpcor, reshape2,
ggplot2, glasso, huge, fdrtool, d3Network, ggm, gtools",NA,"RSVGTipsDevice, sendplot",NA,"GPL-2",NA,NA,NA,NA,"yes","3.3.2"
"149","quadprog","/Library/Frameworks/R.framework/Versions/3.3/Resources/library","1.5-5",NA,"R (>= 2.15.0)",NA,NA,NA,NA,"GPL (>= 2)",NA,NA,NA,NA,"yes","3.3.0"
"150","quantreg","/Library/Frameworks/R.framework/Versions/3.3/Resources/library","5.29",NA,"R (>= 2.6), stats, SparseM","methods, graphics, Matrix, MatrixModels",NA,"tripack, akima, MASS, survival, rgl, logspline, nor1mix,
Formula, zoo",NA,"GPL (>= 2)",NA,NA,NA,NA,"yes","3.3.0"
"151","R6","/Library/Frameworks/R.framework/Versions/3.3/Resources/library","2.2.2",NA,"R (>= 3.0)",NA,NA,"knitr, microbenchmark, pryr, testthat, ggplot2, scales",NA,"MIT + file LICENSE",NA,NA,NA,NA,"no","3.3.2"
"152","radiant","/Library/Frameworks/R.framework/Versions/3.3/Resources/library","0.6.1",NA,"R (>= 3.3.0), radiant.data (>= 0.6.5), radiant.design (>=
0.6.0), radiant.basics (>= 0.6.0), radiant.model (>= 0.6.4),
radiant.multivariate (>= 0.6.0)","psych (>= 1.6.6), AlgDesign (>= 1.1.7.3), shiny (>= 0.14),
import (>= 1.1.0)",NA,"testthat (>= 1.0.0), covr (>= 1.2.0), knitr, rmarkdown",NA,"AGPL-3 | file LICENSE",NA,NA,NA,NA,"no","3.3.1"
"153","radiant.basics","/Library/Frameworks/R.framework/Versions/3.3/Resources/library","0.6.1",NA,"R (>= 3.3.0), radiant.data (>= 0.6.6)","ggplot2 (>= 2.0.0), gridExtra (>= 2.0.0), scales (>= 0.4.0),
dplyr (>= 0.5), tidyr (>= 0.4.1), magrittr (>= 1.5), shiny (>=
0.14), psych (>= 1.6.6), import (>= 1.1.0), methods",NA,"testthat (>= 1.0.0), covr (>= 1.2.0)",NA,"AGPL-3 | file LICENSE",NA,NA,NA,NA,"no","3.3.1"
"154","radiant.data","/Library/Frameworks/R.framework/Versions/3.3/Resources/library","0.6.6",NA,"R (>= 3.3.0), magrittr (>= 1.5), ggplot2 (>= 2.1.0), lubridate
(>= 1.6.0), tidyr (>= 0.6), dplyr (>= 0.5)","tibble (>= 1.2), broom (>= 0.4.1), car (>= 2.1.3), gridExtra
(>= 2.0.0), knitr (>= 1.14), rmarkdown(>= 1.0), markdown (>=
0.7.7), pryr (>= 0.1.2), shiny (>= 0.14), jsonlite (>= 1.0),
shinyAce (>= 0.2.1), psych (>= 1.6.6), DT (>= 0.2), readr (>=
1.0.0), scales (>= 0.4.0), curl (>= 1.1.0), rstudioapi (>=
0.6), import (>= 1.1.0), feather (>= 0.3), base64enc, methods",NA,"testthat (>= 1.0.0), covr (>= 1.2.0)",NA,"AGPL-3 | file LICENSE",NA,NA,NA,NA,"no","3.3.1"
"155","radiant.design","/Library/Frameworks/R.framework/Versions/3.3/Resources/library","0.6.0",NA,"R (>= 3.3.0), radiant.data (>= 0.6), mvtnorm","dplyr (>= 0.5), shiny (>= 0.14), AlgDesign (>= 1.1.7.3),
import (>= 1.1.0), polycor, methods",NA,"testthat (>= 1.0.0),",NA,"AGPL-3 | file LICENSE",NA,NA,NA,NA,"no","3.3.1"
"156","radiant.model","/Library/Frameworks/R.framework/Versions/3.3/Resources/library","0.6.6",NA,"R (>= 3.3.0), radiant.data (>= 0.6.0)","radiant.basics (>= 0.6.0), shiny (>= 0.14), nnet (>= 7.3.12),
NeuralNetTools (>= 1.4.0), sandwich (>= 2.3.4), car (>= 2.1.3),
ggplot2 (>= 2.1.0), gridExtra (>= 2.0.0), data.tree (>= 0.4.0),
yaml (>= 2.1.13), stringr (>= 1.1.0), pryr (>= 0.1.2),
lubridate (>= 1.6.0), tidyr (>= 0.6.0), dplyr (>= 0.5),
magrittr (>= 1.5), DiagrammeR(>= 0.8.4), import (>= 1.1.0),
methods",NA,"testthat (>= 1.0.0), covr (>= 1.2.0)",NA,"AGPL-3 | file LICENSE",NA,NA,NA,NA,"no","3.3.1"
"157","radiant.multivariate","/Library/Frameworks/R.framework/Versions/3.3/Resources/library","0.6.1",NA,"R (>= 3.3.0), radiant.data (>= 0.6)","shiny (>= 0.14), dplyr (>= 0.5), ggplot2 (>= 2.0.0), gridExtra
(>= 2.0.0), scales (>= 0.4.0), magrittr (>= 1.5), psych (>=
1.6.6), car (>= 2.1.1), MASS (>= 7.3), wordcloud (>= 2.5),
import (>= 1.1.0), Gmedian (>= 1.2.3), methods",NA,"testthat (>= 1.0.0), covr (>= 1.2.0)",NA,"AGPL-3 | file LICENSE",NA,NA,NA,NA,"no","3.3.1"
"158","RColorBrewer","/Library/Frameworks/R.framework/Versions/3.3/Resources/library","1.1-2",NA,"R (>= 2.0.0)",NA,NA,NA,NA,"Apache License 2.0",NA,NA,NA,NA,"no","3.3.0"
"159","Rcpp","/Library/Frameworks/R.framework/Versions/3.3/Resources/library","0.12.7",NA,"R (>= 3.0.0)","methods, utils",NA,"RUnit, inline, rbenchmark, highlight, pkgKitten (>= 0.1.2)",NA,"GPL (>= 2)",NA,NA,NA,NA,"yes","3.3.0"
"160","RcppEigen","/Library/Frameworks/R.framework/Versions/3.3/Resources/library","0.3.2.9.0",NA,"R (>= 2.15.1)","Matrix (>= 1.1-0), Rcpp (>= 0.11.0), stats, utils","Rcpp","inline, RUnit, pkgKitten",NA,"GPL (>= 2) | file LICENSE",NA,NA,NA,NA,"yes","3.3.0"
"161","RCurl","/Library/Frameworks/R.framework/Versions/3.3/Resources/library","1.95-4.8",NA,"R (>= 3.0.0), methods, bitops",NA,NA,"Rcompression, XML",NA,"BSD",NA,NA,NA,NA,"yes","3.3.0"
"162","readr","/Library/Frameworks/R.framework/Versions/3.3/Resources/library","1.1.1",NA,"R (>= 3.0.2)","Rcpp (>= 0.12.0.5), tibble, hms, R6","Rcpp, BH","curl, testthat, knitr, rmarkdown, stringi, covr",NA,"GPL (>= 2) | file LICENSE",NA,NA,NA,NA,"yes","3.3.2"
"163","readxl","/Library/Frameworks/R.framework/Versions/3.3/Resources/library","1.0.0",NA,NA,"cellranger, Rcpp (>= 0.11.6), tibble (>= 1.1)","Rcpp","covr, knitr, rmarkdown, rprojroot (>= 1.1), testthat",NA,"GPL-3",NA,NA,NA,NA,"yes","3.3.2"
"164","registry","/Library/Frameworks/R.framework/Versions/3.3/Resources/library","0.3",NA,"R (>= 2.6.0)","utils",NA,NA,NA,"GPL-2",NA,NA,NA,NA,"no","3.3.0"
"165","rematch","/Library/Frameworks/R.framework/Versions/3.3/Resources/library","1.0.1",NA,NA,NA,NA,"covr, testthat",NA,"MIT + file LICENSE",NA,NA,NA,NA,"no","3.3.0"
"166","rematch2","/Library/Frameworks/R.framework/Versions/3.3/Resources/library","2.0.1",NA,NA,"tibble",NA,"covr, testthat",NA,"MIT + file LICENSE",NA,NA,NA,NA,"no","3.3.2"
"167","reprex","/Library/Frameworks/R.framework/Versions/3.3/Resources/library","0.1.2",NA,"R (>= 3.0.2)","callr, knitr, rmarkdown, tools, utils, whisker",NA,"covr, devtools, formatR, fortunes, miniUI, rstudioapi, shiny,
shinyjs, testthat",NA,"MIT + file LICENSE",NA,NA,NA,NA,"no","3.3.1"
"168","reshape2","/Library/Frameworks/R.framework/Versions/3.3/Resources/library","1.4.1",NA,NA,"plyr (>= 1.8.1), stringr, Rcpp","Rcpp","testthat (>= 0.8.0), lattice",NA,"MIT + file LICENSE",NA,NA,NA,NA,"yes","3.3.0"
"169","rjson","/Library/Frameworks/R.framework/Versions/3.3/Resources/library","0.2.15",NA,"R (>= 3.1.0)",NA,NA,NA,NA,"GPL-2",NA,NA,NA,NA,"yes","3.3.0"
"170","rlang","/Library/Frameworks/R.framework/Versions/3.3/Resources/library","0.1.6",NA,"R (>= 3.1.0)",NA,NA,"knitr, rmarkdown (>= 0.2.65), testthat, covr",NA,"GPL-3",NA,NA,NA,NA,"yes","3.3.2"
"171","rmarkdown","/Library/Frameworks/R.framework/Versions/3.3/Resources/library","1.8",NA,"R (>= 3.0)","tools, utils, knitr (>= 1.14), yaml (>= 2.1.5), htmltools (>=
0.3.5), evaluate (>= 0.8), base64enc, jsonlite, rprojroot,
mime, methods, stringr (>= 1.2.0)",NA,"shiny (>= 0.11), tufte, testthat, digest, tibble",NA,"GPL-3",NA,NA,NA,NA,"no","3.3.2"
"172","rngtools","/Library/Frameworks/R.framework/Versions/3.3/Resources/library","1.2.4",NA,"R (>= 3.0.0), methods, pkgmaker (>= 0.20)","stringr, digest",NA,"parallel, RUnit, knitr",NA,"GPL-3",NA,NA,NA,NA,"no","3.3.0"
"173","ROAuth","/Library/Frameworks/R.framework/Versions/3.3/Resources/library","0.9.6",NA,"R (>= 2.12.0)","RCurl, digest, methods",NA,NA,NA,"Artistic-2.0",NA,NA,NA,NA,"no","3.3.0"
"174","robustbase","/Library/Frameworks/R.framework/Versions/3.3/Resources/library","0.92-6",NA,"R (>= 3.0.2)","stats, graphics, utils, methods, DEoptimR",NA,"grid, MASS, lattice, boot, cluster, Matrix, robust,
fit.models, MPV, xtable, ggplot2, GGally, RColorBrewer,
reshape2, sfsmisc, catdata",NA,"GPL (>= 2)",NA,NA,NA,NA,"yes","3.3.0"
"175","rockchalk","/Library/Frameworks/R.framework/Versions/3.3/Resources/library","1.8.101",NA,"R (>= 2.10)","grDevices, methods, lme4, car, MASS",NA,"tables, Hmisc",NA,"GPL (>= 3.0)",NA,NA,NA,NA,"no","3.3.0"
"176","rpart","/Library/Frameworks/R.framework/Versions/3.3/Resources/library","4.1-10","recommended","R (>= 2.15.0), graphics, stats, grDevices",NA,NA,"survival",NA,"GPL-2 | GPL-3",NA,NA,NA,NA,"yes","3.3.1"
"177","rprojroot","/Library/Frameworks/R.framework/Versions/3.3/Resources/library","1.3-2",NA,"R (>= 3.0.0)","backports",NA,"testthat, mockr, knitr, withr, rmarkdown",NA,"GPL-3",NA,NA,NA,NA,"no","3.3.2"
"178","RSpectra","/Library/Frameworks/R.framework/Versions/3.3/Resources/library","0.12-0",NA,"R (>= 3.0.2)","Matrix (>= 1.1-0), Rcpp (>= 0.11.5)","Rcpp, RcppEigen (>= 0.3.2.2.0)","knitr",NA,"MPL (>= 2)",NA,NA,NA,NA,"yes","3.3.0"
"179","rstudioapi","/Library/Frameworks/R.framework/Versions/3.3/Resources/library","0.7",NA,NA,NA,NA,"testthat, knitr, rmarkdown",NA,"MIT + file LICENSE",NA,NA,NA,NA,"no","3.3.2"
"180","rvest","/Library/Frameworks/R.framework/Versions/3.3/Resources/library","0.3.2",NA,"R (>= 3.0.1), xml2","httr (>= 0.5), selectr, magrittr",NA,"testthat, knitr, png, stringi (>= 0.3.1), rmarkdown, covr",NA,"GPL-3",NA,NA,NA,NA,"no","3.3.0"
"181","sandwich","/Library/Frameworks/R.framework/Versions/3.3/Resources/library","2.3-4",NA,"R (>= 2.0.0)","stats, zoo",NA,"car, lmtest, strucchange, AER, survival, MASS, scatterplot3d",NA,"GPL-2 | GPL-3",NA,NA,NA,NA,"no","3.3.0"
"182","scales","/Library/Frameworks/R.framework/Versions/3.3/Resources/library","0.4.1",NA,"R (>= 2.13)","RColorBrewer, dichromat, plyr, munsell (>= 0.2), labeling,
methods, Rcpp","Rcpp","testthat (>= 0.8), covr, hms",NA,"MIT + file LICENSE",NA,NA,NA,NA,"yes","3.3.2"
"183","selectr","/Library/Frameworks/R.framework/Versions/3.3/Resources/library","0.3-1",NA,"R (>= 2.15.2)","methods, stringr",NA,"testthat, XML, xml2",NA,"BSD_3_clause + file LICENCE",NA,NA,NA,NA,"no","3.3.2"
"184","sem","/Library/Frameworks/R.framework/Versions/3.3/Resources/library","3.1-8",NA,"R (>= 2.14.0), stats","matrixcalc, MASS, boot, mi (>= 0.9-99), utils",NA,"polycor, MBESS, DiagrammeR",NA,"GPL (>= 2)",NA,NA,NA,NA,"yes","3.3.0"
"185","semPlot","/Library/Frameworks/R.framework/Versions/3.3/Resources/library","1.0.1",NA,"R (>= 2.15.0)","qgraph (>= 1.2.4), lavaan (>= 0.5-11), sem (>= 3.1-0), plyr,
XML, igraph (>= 0.6-3), lisrelToR, rockchalk, colorspace,
corpcor, methods",NA,"MplusAutomation (>= 0.5-3)",NA,"GPL-2",NA,NA,NA,NA,"no","3.3.0"
"186","sfsmisc","/Library/Frameworks/R.framework/Versions/3.3/Resources/library","1.1-0",NA,"R (>= 3.0.1)","grDevices, methods, utils, stats",NA,"datasets, tcltk, cluster, lattice, MASS, Matrix, nlme, lokern","mgcv, rpart, nor1mix, polycor, sm, tikzDevice","GPL (>= 2)",NA,NA,NA,NA,"no","3.3.0"
"187","shiny","/Library/Frameworks/R.framework/Versions/3.3/Resources/library","0.14",NA,"R (>= 3.0.0), methods","utils, httpuv (>= 1.3.3), mime (>= 0.3), jsonlite (>= 0.9.16),
xtable, digest, htmltools (>= 0.3.5), R6 (>= 2.0), sourcetools",NA,"datasets, Cairo (>= 1.5-5), testthat, knitr (>= 1.6),
markdown, rmarkdown, ggplot2",NA,"GPL-3 | file LICENSE",NA,NA,NA,NA,"no","3.3.0"
"188","shinyAce","/Library/Frameworks/R.framework/Versions/3.3/Resources/library","0.2.1",NA,"R (>= 2.15.0)","shiny (>= 0.7.0)",NA,"testthat, dplyr (>= 0.3.0)",NA,"MIT + file LICENSE",NA,NA,NA,NA,"no","3.3.0"
"189","slam","/Library/Frameworks/R.framework/Versions/3.3/Resources/library","0.1-37",NA,"R (>= 2.8.0)","stats",NA,NA,"Matrix, SparseM, spam","GPL-2",NA,NA,NA,NA,"yes","3.3.0"
"190","sna","/Library/Frameworks/R.framework/Versions/3.3/Resources/library","2.4",NA,"R (>= 2.0.0), utils, statnet.common, network",NA,NA,"rgl, numDeriv, SparseM",NA,"GPL (>= 2)",NA,NA,NA,NA,"yes","3.3.0"
"191","SnowballC","/Library/Frameworks/R.framework/Versions/3.3/Resources/library","0.5.1",NA,NA,NA,NA,NA,NA,"BSD_2_clause + file LICENSE",NA,NA,NA,NA,"yes","3.3.0"
"192","sourcetools","/Library/Frameworks/R.framework/Versions/3.3/Resources/library","0.1.2",NA,"R (>= 3.0.2)",NA,NA,"testthat",NA,"MIT + file LICENSE",NA,NA,NA,NA,"yes","3.3.0"
"193","SparseM","/Library/Frameworks/R.framework/Versions/3.3/Resources/library","1.72",NA,"R (>= 2.15), methods","graphics, stats, utils",NA,NA,NA,"GPL (>= 2)",NA,NA,NA,NA,"yes","3.3.0"
"194","spatial","/Library/Frameworks/R.framework/Versions/3.3/Resources/library","7.3-11","recommended","R (>= 3.0.0), graphics, stats, utils",NA,NA,"MASS",NA,"GPL-2 | GPL-3",NA,NA,NA,NA,"yes","3.3.1"
"195","splines","/Library/Frameworks/R.framework/Versions/3.3/Resources/library","3.3.1","base",NA,"graphics, stats",NA,"Matrix, methods",NA,"Part of R 3.3.1",NA,NA,NA,NA,NA,"3.3.1"
"196","statnet.common","/Library/Frameworks/R.framework/Versions/3.3/Resources/library","3.3.0",NA,NA,"utils",NA,NA,NA,"GPL-3 + file LICENSE",NA,NA,NA,NA,"no","3.3.0"
"197","stats","/Library/Frameworks/R.framework/Versions/3.3/Resources/library","3.3.1","base",NA,"utils, grDevices, graphics",NA,"MASS, Matrix, SuppDists, methods, stats4",NA,"Part of R 3.3.1",NA,NA,NA,NA,NA,"3.3.1"
"198","stats4","/Library/Frameworks/R.framework/Versions/3.3/Resources/library","3.3.1","base",NA,"graphics, methods, stats",NA,NA,NA,"Part of R 3.3.1",NA,NA,NA,NA,NA,"3.3.1"
"199","stringi","/Library/Frameworks/R.framework/Versions/3.3/Resources/library","1.1.1",NA,"R (>= 2.13.1)","tools, utils, stats",NA,NA,NA,"file LICENSE","yes",NA,NA,NA,"yes","3.3.0"
"200","stringr","/Library/Frameworks/R.framework/Versions/3.3/Resources/library","1.2.0",NA,"R (>= 2.14)","stringi (>= 0.4.1), magrittr",NA,"testthat, knitr, htmltools, htmlwidgets, rmarkdown, covr",NA,"GPL-2 | file LICENSE",NA,NA,NA,NA,"no","3.3.2"
"201","styler","/Library/Frameworks/R.framework/Versions/3.3/Resources/library","1.0.0",NA,NA,"backports, cli, enc, magrittr, purrr, rematch2, rlang,
rprojroot, tibble, withr",NA,"data.tree, dplyr, here, knitr, mockr, rmarkdown, rstudioapi,
testthat",NA,"GPL-3",NA,NA,NA,NA,"no","3.3.2"
"202","survival","/Library/Frameworks/R.framework/Versions/3.3/Resources/library","2.40-1","recommended","R (>= 2.13.0)","graphics, Matrix, methods, splines, stats, utils",NA,NA,NA,"LGPL (>= 2)",NA,NA,NA,NA,"yes","3.3.0"
"203","tcltk","/Library/Frameworks/R.framework/Versions/3.3/Resources/library","3.3.1","base",NA,"utils",NA,NA,NA,"Part of R 3.3.1",NA,NA,NA,NA,NA,"3.3.1"
"204","testthat","/Library/Frameworks/R.framework/Versions/3.3/Resources/library","2.0.0",NA,"R (>= 3.1)","cli, crayon, digest, magrittr, methods, praise, R6 (>= 2.2.0),
rlang, withr (>= 2.0.0)",NA,"covr, devtools, knitr, rmarkdown, xml2",NA,"MIT + file LICENSE",NA,NA,NA,NA,"yes","3.3.2"
"205","TH.data","/Library/Frameworks/R.framework/Versions/3.3/Resources/library","1.0-7",NA,"R (>= 2.10.0), survival, MASS",NA,NA,"dplyr, gdata, plyr",NA,"GPL-3",NA,NA,NA,NA,"no","3.3.0"
"206","tibble","/Library/Frameworks/R.framework/Versions/3.3/Resources/library","1.4.2",NA,"R (>= 3.1.0)","cli, crayon, methods, pillar (>= 1.1.0), rlang, utils",NA,"covr, dplyr, import, knitr (>= 1.5.32), microbenchmark,
mockr, nycflights13, rmarkdown, testthat, withr",NA,"MIT + file LICENSE",NA,NA,NA,NA,"yes","3.3.1"
"207","tidyr","/Library/Frameworks/R.framework/Versions/3.3/Resources/library","0.8.0",NA,"R (>= 3.2)","dplyr (>= 0.7.0), glue, magrittr, purrr, Rcpp, rlang, stringi,
tibble, tidyselect","Rcpp","covr, gapminder, knitr, rmarkdown, testthat",NA,"MIT + file LICENSE",NA,NA,NA,NA,"yes","3.3.1"
"208","tidyselect","/Library/Frameworks/R.framework/Versions/3.3/Resources/library","0.2.3",NA,"R (>= 3.1.0)","glue, purrr, rlang (>= 0.1), Rcpp (>= 0.12.0)","Rcpp (>= 0.12.0),","dplyr, testthat",NA,"GPL-3",NA,NA,NA,NA,"yes","3.3.2"
"209","tidytext","/Library/Frameworks/R.framework/Versions/3.3/Resources/library","0.1.3",NA,"R (>= 2.10)","dplyr, stringr, hunspell, broom, Matrix, tokenizers,
janeaustenr, purrr (>= 0.1.1), methods",NA,"readr, tidyr, XML, tm, quanteda, wordcloud, knitr, rmarkdown,
ggplot2, reshape2, topicmodels, NLP, scales, gutenbergr,
testthat, mallet",NA,"MIT + file LICENSE",NA,NA,NA,NA,"no","3.3.2"
"210","tidyverse","/Library/Frameworks/R.framework/Versions/3.3/Resources/library","1.1.0",NA,NA,"broom, dplyr, feather, forcats, ggplot2, haven, httr, hms,
jsonlite, lubridate, magrittr, modelr, purrr, readr, readxl,
stringr, tibble, rvest, tidyr, xml2",NA,"knitr, rmarkdown",NA,"GPL-3 | file LICENSE",NA,NA,NA,NA,"no","3.3.2"
"211","tm","/Library/Frameworks/R.framework/Versions/3.3/Resources/library","0.7-1",NA,"R (>= 3.2.0), NLP (>= 0.1-6.2)","Rcpp, parallel, slam (>= 0.1-37), stats, tools, utils,
graphics","BH, Rcpp","filehash, methods, Rcampdf, Rgraphviz, Rpoppler, SnowballC,
tm.lexicon.GeneralInquirer, XML",NA,"GPL-3",NA,NA,NA,NA,"yes","3.3.2"
"212","tokenizers","/Library/Frameworks/R.framework/Versions/3.3/Resources/library","0.1.4",NA,"R (>= 3.1.3)","stringi (>= 1.0.1), Rcpp (>= 0.12.3), SnowballC (>= 0.5.1)","Rcpp","testthat, covr, knitr, rmarkdown",NA,"MIT + file LICENSE",NA,NA,NA,NA,"yes","3.3.0"
"213","tools","/Library/Frameworks/R.framework/Versions/3.3/Resources/library","3.3.1","base",NA,NA,NA,"codetools, methods, xml2",NA,"Part of R 3.3.1",NA,NA,NA,NA,NA,"3.3.1"
"214","topicmodels","/Library/Frameworks/R.framework/Versions/3.3/Resources/library","0.2-5",NA,"R (>= 2.15.0)","stats4, methods, modeltools, slam, tm (>= 0.6)",NA,"lasso2, lattice, lda, OAIHarvester, SnowballC, XML,
corpus.JSS.papers",NA,"GPL-2",NA,NA,NA,NA,"yes","3.3.2"
"215","triebeard","/Library/Frameworks/R.framework/Versions/3.3/Resources/library","0.3.0",NA,NA,"Rcpp","Rcpp","knitr, rmarkdown, testthat",NA,"MIT + file LICENSE",NA,NA,NA,NA,"yes","3.3.0"
"216","twitteR","/Library/Frameworks/R.framework/Versions/3.3/Resources/library","1.1.9",NA,"R (>= 2.12.0)","methods, bit64, rjson, DBI (>= 0.3.1), httr (>= 1.0.0)",NA,"RSQLite, RMySQL",NA,"Artistic-2.0",NA,NA,NA,NA,"no","3.3.0"
"217","urltools","/Library/Frameworks/R.framework/Versions/3.3/Resources/library","1.6.0",NA,"R (>= 2.10)","Rcpp, methods, triebeard","Rcpp","testthat, knitr",NA,"MIT + file LICENSE",NA,NA,NA,NA,"yes","3.3.0"
"218","usethis","/Library/Frameworks/R.framework/Versions/3.3/Resources/library","1.2.0",NA,"R (>= 3.1)","backports, clipr, clisymbols, crayon, curl, desc, gh, git2r,
httr, rematch2, rmarkdown, rprojroot, rstudioapi, styler,
whisker",NA,"covr, roxygen2, testthat (>= 2.0.0), withr",NA,"GPL-3",NA,NA,NA,NA,"no","3.3.1"
"219","utf8","/Library/Frameworks/R.framework/Versions/3.3/Resources/library","1.1.3",NA,"R (>= 2.10)",NA,NA,"corpus, knitr, rmarkdown, testthat",NA,"Apache License (== 2.0) | file LICENSE",NA,NA,NA,NA,"yes","3.3.2"
"220","utils","/Library/Frameworks/R.framework/Versions/3.3/Resources/library","3.3.1","base",NA,NA,NA,"methods, XML",NA,"Part of R 3.3.1",NA,NA,NA,NA,NA,"3.3.1"
"221","viridis","/Library/Frameworks/R.framework/Versions/3.3/Resources/library","0.3.4",NA,"R (>= 2.10)","stats, grDevices, ggplot2 (>= 1.0.1), gridExtra",NA,"hexbin (>= 1.27.0), scales, MASS, knitr, dichromat,
colorspace, rasterVis, httr, mapproj",NA,"MIT + file LICENSE",NA,NA,NA,NA,"no","3.3.0"
"222","visNetwork","/Library/Frameworks/R.framework/Versions/3.3/Resources/library","1.0.1",NA,"R (>= 3.0)","htmlwidgets, htmltools, jsonlite, magrittr, utils, methods",NA,"knitr, igraph",NA,"MIT + file LICENSE",NA,NA,NA,NA,"no","3.3.0"
"223","whisker","/Library/Frameworks/R.framework/Versions/3.3/Resources/library","0.3-2",NA,NA,NA,NA,"markdown",NA,"GPL-3",NA,NA,NA,NA,"no","3.3.0"
"224","withr","/Library/Frameworks/R.framework/Versions/3.3/Resources/library","2.1.1",NA,"R (>= 3.0.2)","stats, graphics, grDevices",NA,"testthat, covr, lattice, DBI, RSQLite, methods, knitr,
rmarkdown",NA,"GPL (>= 2)",NA,NA,NA,NA,"no","3.3.2"
"225","wordcloud","/Library/Frameworks/R.framework/Versions/3.3/Resources/library","2.5",NA,"methods, RColorBrewer","slam, Rcpp (>= 0.9.4)","Rcpp","tm (>= 0.6)",NA,"LGPL-2.1",NA,NA,NA,NA,"yes","3.3.0"
"226","XML","/Library/Frameworks/R.framework/Versions/3.3/Resources/library","3.98-1.5",NA,"R (>= 2.13.0), methods, utils",NA,NA,"bitops, RCurl",NA,"BSD_2_clause + file LICENSE",NA,NA,NA,NA,"yes","3.3.2"
"227","xml2","/Library/Frameworks/R.framework/Versions/3.3/Resources/library","1.1.0",NA,"R (>= 3.1.0)","Rcpp","Rcpp (>= 0.11.4.6), BH","testthat, curl, covr, knitr, rmarkdown, magrittr, httr",NA,"GPL (>= 2)",NA,NA,NA,NA,"yes","3.3.2"
"228","xtable","/Library/Frameworks/R.framework/Versions/3.3/Resources/library","1.8-2",NA,"R (>= 2.10.0)","stats, utils",NA,"knitr, lsmeans, spdep, splm, sphet, plm, zoo, survival",NA,"GPL (>= 2)",NA,NA,NA,NA,"no","3.3.0"
"229","yaml","/Library/Frameworks/R.framework/Versions/3.3/Resources/library","2.1.13",NA,NA,NA,NA,"testthat",NA,"BSD_3_clause + file LICENSE",NA,NA,NA,NA,"yes","3.3.0"
"230","zoo","/Library/Frameworks/R.framework/Versions/3.3/Resources/library","1.7-13",NA,"R (>= 2.10.0), stats","utils, graphics, grDevices, lattice (>= 0.20-27)",NA,"coda, chron, DAAG, fts, its, ggplot2, mondate, scales,
strucchange, timeDate, timeSeries, tis, tseries, xts",NA,"GPL-2 | GPL-3",NA,NA,NA,NA,"yes","3.3.0"
